title,year,url,arxiv_id,doi,venue,primary_category,categories,pdf_url,source
"Agentic Large Language Models, a survey",2025,http://arxiv.org/abs/2503.23037v3,2503.23037v3,10.1613/jair.1.18675,"JAIR volume 84, article 29, December 2025",cs.AI,"cs.AI,cs.CL,cs.LG",https://arxiv.org/pdf/2503.23037v3,arxiv
"Large Language Model Agent: A Survey on Methodology, Applications and Challenges",2025,http://arxiv.org/abs/2503.21460v1,2503.21460v1,,,cs.CL,cs.CL,https://arxiv.org/pdf/2503.21460v1,arxiv
Large Language Model-Brained GUI Agents: A Survey,2024,http://arxiv.org/abs/2411.18279v12,2411.18279v12,,,cs.AI,"cs.AI,cs.CL,cs.HC",https://arxiv.org/pdf/2411.18279v12,arxiv
A Survey on Large Language Model based Autonomous Agents,2023,http://arxiv.org/abs/2308.11432v7,2308.11432v7,10.1007/s11704-024-40231-1,,cs.AI,"cs.AI,cs.CL",https://arxiv.org/pdf/2308.11432v7,arxiv
Reflexion: Language Agents with Verbal Reinforcement Learning,2023,http://arxiv.org/abs/2303.11366v4,2303.11366v4,,,cs.AI,"cs.AI,cs.CL,cs.LG",https://arxiv.org/pdf/2303.11366v4,arxiv
Toolformer: Language Models Can Teach Themselves to Use Tools,2023,http://arxiv.org/abs/2302.04761v1,2302.04761v1,,,cs.CL,cs.CL,https://arxiv.org/pdf/2302.04761v1,arxiv
Tree of Thoughts: Deliberate Problem Solving with Large Language Models,2023,http://arxiv.org/abs/2305.10601v2,2305.10601v2,,,cs.CL,"cs.CL,cs.AI,cs.LG",https://arxiv.org/pdf/2305.10601v2,arxiv
Voyager: An Open-Ended Embodied Agent with Large Language Models,2023,http://arxiv.org/abs/2305.16291v2,2305.16291v2,,,cs.AI,"cs.AI,cs.LG",https://arxiv.org/pdf/2305.16291v2,arxiv
ReAct: Synergizing Reasoning and Acting in Language Models,2022,http://arxiv.org/abs/2210.03629v3,2210.03629v3,,,cs.CL,"cs.CL,cs.AI,cs.LG",https://arxiv.org/pdf/2210.03629v3,arxiv
